ID,TITLE,STORE,REGION
1,Example Game
2,Tom Clancy's Splinter Cell Conviction
3,Silent Hunter®: Battle of the Atlantic Gold Edition
4,Assassin's Creed II
6,Test Package - R6 Comsumable Pack Test
7,Assassin's Creed® Odyssey
8,The Settlers 7: Paths to a Kingdom
10,Example Game China
11,Prince of Persia®: The Forgotten Sands™
12,R.U.S.E.™,Steam
13,Driver® San Francisco
16,Settlers 7 Beta
17,Settlers 7 Demo
20,Shaun White Skateboarding
21,Tom Clancy's H.A.W.X® 2
22,Anno 2070
25,Might & Magic Heroes VI Beta
26,Assassin's Creed® Brotherhood
30,From Dust
33,The Adventures of Tintin: The Game
34,The Adventures of Tintin: The Game
37,Call of Juarez The Cartel,Steam
40,Assassin's Creed® Revelations
44,Might & Magic Heroes VI
45,Anno 2070 Beta
46,Far Cry® 3
47,Might & Magic Heroes VI - CHN,,CHN
48,Might & Magic Heroes VI
52,Party Example
53,Tom Clancy's Ghost Recon Future Soldier™
54,Assassin's Creed® III
55,Driver: San Francisco,Steam
56,Assassin's Creed II,Steam
57,Assassin's Creed® Brotherhood,Steam
58,Tom Clancy's Splinter Cell Conviction,Steam
59,Assassin's Creed® Revelations,Steam
60,Might & Magic: Heroes VI,Steam
61,The Settlers 7: Paths to a Kingdom,Steam
62,Tom Clancy's H.A.W.X® 2,Steam
63,Prince of Persia The Forgotten Sands,Steam
64,From Dust,Steam
65,Ghost Recon Future Soldier,Steam
68,Silent Hunter®: Battle of the Atlantic Gold Edition,Steam
71,Anno 2070,Steam
72,The Adventures of Tintin: The Game
73,Shaun White Skateboarding
76,Might & Magic Duel of Champions
78,Trials Evolution Gold Edition
80,Rayman Origins
82,Assassin's Creed™
83,Tom Clancy's EndWar
84,Far Cry
85,Far Cry 2
86,Tom Clancy's H.A.W.X®
87,Heroes of Might and Magic V
88,Tom Clancy's Rainbow Six® Vegas
89,Anno 1404
90,World In Conflict
91,Tom Clancy's Splinter Cell Blacklist
93,I am Alive
94,Tom Clancy's Ghost Recon® Advanced Warfighter™
95,Tom Clancy's Splinter Cell Chaos Theory™
96,Splinter Cell Conviction - Deniable Ops: Insurgency
97,Assassin's Creed® Revelations - The Lost Archive
101,Far Cry® 3,Steam
102,Assassin's Creed® III,Steam
103,Assassin's Creed® III,,RUS
104,Assassin's Creed® III - JPN,,JPN
105,Assassin's Creed® III,,CZ
108,Tom Clancy's Rainbow Six® Vegas 2
109,Tom Clancy's Splinter Cell
110,Tom Clancy's Splinter Cell Double Agent
111,Prince of Persia: The Sands of Time™
112,Call of Juarez 2: Bound in blood
113,Prince of Persia: The Two Thrones™
114,Ghost Recon Advanced Warfighter 2
115,Tom Clancy's Ghost Recon Future Soldier™ - Arctic Strike
116,Assassin's Creed® III - The Hidden Secrets Pack
117,Assassin's Creed® III - The Battle Hardened Pack
118,Assassin's Creed® III - The Tyranny of King Washington Episode 1: The Infamy
119,Assassin's Creed® III - The Tyranny of King Washington Episode 2: The Betrayal
120,Assassin's Creed® III - The Tyranny of King Washington Episode 3: The Redemption
121,Prince of Persia: Warrior Within
122,H.A.W.X 2 - All-in-One DLC Pack
123,Batman: Arkham City GOTY,Steam
124,LEGO® Harry Potter™: Years 1-4,Steam
125,LEGO Harry Potter: Years 5-7,Steam
126,ShootMania Storm,ManiaPlanet
127,TrackMania² Canyon,ManiaPlanet
128,Assassin's Creed® III - Benedict Arnold
129,Darksiders™ II
131,Hoyle Card Games 2012
132,Crusader Kings II,Steam
133,War of the Roses,Steam
134,Batman: Arkham Asylum GOTY Edition,Steam
136,Need for Speed™ Most Wanted,Origin
137,Medal of Honor™ Warfighter,Origin
138,To The Moon
139,Assassin's Creed® III,Steam
140,Trials Evolution Gold Edition MP Beta
141,The Lord of the Rings: War in the North,Steam
142,Lego Batman,Steam
143,LEGO® Batman 2 DC Super Heroes™,Steam
144,LEGO The Lord of the Rings,Steam
145,Scribblenauts Unlimited,Steam
146,Heroes of Might and Magic V: Hammers of Fate
147,Heroes of Might and Magic V: Tribes of the East
148,Hoyle Casino Games 2012
200,Wargame: European Escalation,Steam
201,Endless Space Emperor Edition,Steam
203,Magicka,Steam
204,Tom Clancy's Ghost Recon Future Soldier™ - Raven Strike
205,Far Cry® 3 Blood Dragon
208,Dead Space™,Origin
209,Dead Space™ 2,Origin
210,The Sims™ 3 Deluxe Edition,Origin
212,Hitman: Absolution,Steam
213,Just Cause 2,Steam
214,Deus Ex: Human Revolution™,Steam
215,Hoyle Puzzle and Board Games 2012
216,Chivalry: Medieval Warfare,Steam
217,Far Cry® 3 - High Tides
218,Mass Effect™ 3 N7 Digital Deluxe Edition,Origin
219,Crysis® 2 Maximum Edition,Origin
220,Sleeping Dogs™,Steam
221,Air Conflicts: Pacific Carriers,Steam
222,Galaxy on Fire 2™ Full HD,Steam
223,Shoot Many Robots,Steam
224,FIFA Soccer 13,Origin
225,Battlefield 3™ Premium Edition,Origin
227,The Testament of Sherlock Holmes
228,Kingdoms of Amalur: Reckoning™,Origin
229,Dead Space™ 3,Origin
230,Crysis® 3,Origin
232,Beyond Good and Evil™
233,Cold Fear™
234,Hitman: Absolution - Professional Edition,Steam
235,Sleeping Dogs™ Limited Edition,Steam
236,Sleeping Dogs™ Limited Edition,Steam
237,Endless Space Admiral Edition,Steam
238,Painkiller Hell & Damnation,Steam
239,The Book of Unwritten Tales,Steam
240,Medal of Honor™ Warfighter DLC0
241,King's Bounty: Warriors of the North,Steam
242,Men of War: Assault Squad,Steam
244,Need For Speed™ Most Wanted ULTIMATE SPEED PACK DLC
245,Crysis® Maximum Edition
246,Orcs Must Die! 2,Steam
247,Rochard,Steam
248,Alan Wake,Steam
249,Driv3r
252,Driver: Parallel Lines
253,The Walking Dead,Steam
257,Tom Clancy's Ghost Recon Future Soldier™ - Khyber Strike
258,SimCity™,Origin
259,SimCity™ Limited Edition,Origin
260,Tomb Raider,Steam
261,Tomb Raider: Survival Edition,Steam
262,Trials Evolution Gold Edition,Steam
263,Painkiller Hell & Damnation Collector's Edition,Steam
264,Alan Wake Collector's Edition,Steam
265,The Book of Unwritten Tales Deluxe Edition,Steam
266,Blazing Angels
267,Blazing Angels 2
268,Rocksmith™,Steam
269,Dark Messiah of Might and Magic
270,Brothers in Arms: Road to Hill 30
271,Brothers in Arms: Earned in Blood
272,Brothers in Arms: Hell's Highway
273,Assassin's Creed® IV Black Flag™,,ROW
274,Watch_Dogs,,ROW
275,TrackMania² Stadium,ManiaPlanet
276,Prince of Persia
277,Prince of Persia
278,Orcs Must Die! 2 - Fire And Water DLC,Steam
279,Orcs Must Die! 2 - Family Ties DLC,Steam
280,Orcs Must Die! 2 - Are We There Yeti? DLC,Steam
281,Arma: Cold War Assault
283,Arma 2: Operation Arrowhead
284,Arma 2: Private Military Company
285,Arma 2: Army of the Czech Republic
286,Take On Helicopters
287,Take On Helicopters: Hinds
288,Arma 2: British Armed Forces
289,ArmA 2
290,The Settlers: Heritage of Kings
291,The Settlers: Rise of an Empire GOLD EDITION
292,Silent Hunter III
293,Silent Hunter 4 Gold Edition
294,Carrier Command: Gaea Mission
295,IL-2 Sturmovik - Cliffs of Dover,Steam
296,Might & Magic Clash of Heroes,Steam
297,Trials Fusion
298,Total War SHOGUN 2: Fall of the Samurai
300,Far Cry® 3
301,Rocksmith™ 2014
303,Europa Universalis III Chronicles
304,Victoria II
305,Warlock: Master of the Arcane,Steam
306,Defenders of Ardania,Steam
307,SpellForce 2 - Faith in Destiny,Steam
308,SpellForce 2 - Faith in Destiny Digital Deluxe,Steam
309,Alan Wake's American Nightmare,Steam
310,The Book of Unwritten Tales: The Critter Chronicles,Steam
311,The Book of Unwritten Tales: The Critter Chronicles Digital Deluxe Edition,Steam
312,Bloody Good Time,Steam
313,Babel Rising,Steam
316,Far Cry® 3 Blood Dragon
318,Trials Fusion,Steam
319,Dragon Age™ II
320,Dragon Age™: Origins - Ultimate Edition
321,Mass Effect™
322,Mass Effect™ 2
323,Mirror's Edge™,Origin
324,Need For Speed™ The Run,Origin
325,Plants vs. Zombies™ Game of the Year Edition,Origin
326,SimCity 4 Deluxe Edition
327,SPORE
328,The Sims™ Medieval,Origin
329,Tiger Woods PGA Tour® 12: The Masters,Origin
330,Bastion,Steam
331,F.E.A.R. First Encounter Assault Recon,Steam
332,F.E.A.R. 2: Project Origin,Steam
333,F.E.A.R. 2: Reborn,Steam
334,F.E.A.R. 3,Steam
335,Deus Ex: Human Revolution™ - Augmented Edition,Steam
336,SPORE Galactic Adventures
337,SPORE Creepy & Cute Parts Pack
338,Bridge Project
340,Zeit²
341,Dead Island Riptide
342,Dead Island Riptide - Fasion Victim DLC
343,Dead Island Riptide - Survivor Pack DLC
344,Call of Juarez®: Gunslinger
345,Mad Riders™
346,The Expendables 2 Videogame
347,Might and Magic VI: The Mandate of Heaven
348,Might and Magic VII: For Blood and Honor
349,Might & Magic® VIII: Day of the Destroyer
350,Might & Magic® IX
351,Heroes® of Might & Magic®
352,Heroes of Might & Magic II Gold Edition
353,Heroes® of Might & Magic® III Complete Edition
354,Heroes® of Might & Magic® IV Complete Edition
357,The Settlers III Gold Edition
358,Tom Clancy's Rainbow Six® Lockdown
359,Heroes Over Europe
360,Rayman® 3 Hoodlum Havoc®
361,Rayman® 2 The Great Escape
362,Rayman Raving Rabbids™
363,Game of Thrones™ Special Edition
364,Cities XL Platinum
365,Of Orcs And Men
366,Blood Bowl Chaos Edition
367,StarDrive
368,Wings of Prey
369,Killing Floor
370,Armada 2526
371,Real Heroes Firefighter
372,Deadfall Adventures
373,The Raven - Legacy of a Master Thief
374,Jack Keane 2 - The Fire Within
376,The Mighty Quest for Epic Loot
378,Jagged Alliance Back in Action: Collectors Bundle
379,Airline Tycoon 2 - Gold Edition
380,Dungeons Gold Edition
381,Omerta - City of Gangsters
382,Port Royale 3 - Pirates & Merchants
383,Sine Mora
384,Tropico 3 Gold
385,Tropico 4 Collector's Bundle
391,Thunder Wolves
392,Another World: 20th Anniversary Edition
393,Wargame Airland Battle
394,Mars War Logs
395,The Raven - Legacy of a Master Thief Digital Deluxe
396,4 Elements II
398,Assassin's Creed III Multiplayer Demo Brazil
401,Might & Magic® X Legacy
402,Might & Magic® X Legacy
403,Might & Magic® X Legacy
405,Armada 2526 Supernova
407,Expedition Conquistador
409,Rising Storm
410,RAYMAN® LEGENDS
411,RAYMAN® LEGENDS Demo
412,Uplay PC Example Game
413,The Crew
414,The Crew
415,Pro Cycling Manager 2013
416,Magrunner: Dark Pulse
417,DARK
418,RAYMAN® LEGENDS
419,RAYMAN® LEGENDS Demo
420,Far Cry® 4
421,The Wolf Among Us
422,Flashback
423,Flashback Demo
424,Flashback
425,Flashback Demo
426,Might & Magic® X Legacy Deluxe Edition
427,Endless Space Disharmony
428,Assassin's Creed® Brotherhood Deluxe Edition
429,TrackMania² Valley
431,FINAL FANTASY VII
432,Endless Space Gold Edition
433,The Walking Dead: 400 Days
435,Mortal Kombat Komplete Edition
436,Cloudberry Kingdom
437,Assassin's Creed® IV Black Flag™,Steam
438,Assassin's Creed IV Black Flag - Ubicollectibles Edward
439,Assassin's Creed IV Black Flag - AC Initiates
440,Assassin's Creed IV Black Flag - Ubicollectibles Black Beard
441,Assassin's Creed® IV Black Flag™,,RUS
442,Assassin's Creed® IV Black Flag™,,Asia
443,Assassin's Creed® IV Black Flag™
444,Tom Clancy's Splinter Cell Blacklist Deluxe Edition
445,Europa Universalis IV
446,Europa Universalis IV Digital Extreme Edition
447,Citadels
448,Teleglitch Die More Edition
449,Tom Clancy's Splinter Cell Blacklist,Steam
450,Tom Clancy's Splinter Cell Blacklist Deluxe Edition,Steam
451,Deadfall Adventures Digital Deluxe Edition
452,Port Royale 3 - Gold Edition
453,Assassin's Creed IV Black Flag - MacFarlane Connor Kenway's sails
454,Torchlight
455,Tropico 4 - Propaganda!
456,Anna - Extended Edition
457,Cities in Motion 2
458,March of the Eagles
459,Leviathan: Warships
460,Dungeonland
461,Men of Wars: Condemned Heroes
462,Nuclear Dawn
463,Tiny Troopers
464,Castlevania: Lords of Shadow - Ultimate Edition
466,Guardians of Middle-earth
467,Guardians of Middle-earth Mithril Edition
469,Sleeping Dogs DLC Collection
470,The Last Remnant™
477,Tom Clancy's Splinter Cell Blacklist
478,Tom Clancy's Splinter Cell Blacklist
479,Rise of Venice
480,Mortal Kombat Arcade Kollection
481,FIFA 14
482,The Sims™ 3 DLC
483,Tropico 4 - Voodoo
484,Tropico 4 - The Academy
485,Flatout
486,Flatout 2
488,Space Empires V
489,Horizon
490,Starpoint Gemini 2
491,Air Conflicts: Vietnam
494,Scribblenauts Unmasked: A DC Comics Adventure
495,Tomb Raider: Legend
496,Tomb Raider Anniversary
497,Tomb Raider Underworld
499,THIEF Trilogy
502,MotoGP 13
503,WRC 3
504,Finding teddy
505,Metal Gear Rising - Revengeance
506,Let's Sing
507,The Crew,,RUS
508,The Crew
509,RAYMAN® LEGENDS
511,Timelines: Assault on America
512,GAS GUZZLERS EXTREME
513,Payday 2
514,Brothers - A Tale of Two Sons
515,Assassin's Creed® IV Black Flag™ Time Saver Resources Pack
516,Assassin's Creed® IV Black Flag™ Time Saver Collectibles Pack
517,Assassin's Creed® IV Black Flag™ Activities Pack
518,Assassin's Creed® IV Black Flag™ Death Vessel Pack
519,Assassin's Creed® IV Black Flag™ Crusader & Florentine Pack
520,Assassin's Creed® IV Black Flag™ Multiplayer Characters Pack Blackbeard's Wrath
521,Assassin's Creed® IV Black Flag™ Freedom Cry
522,Assassin's Creed® IV Black Flag™ Illustrious Pirates Pack
523,Assassin's Creed® IV Black Flag™ Guild of Rogues
524,Assassin's Creed® IV Black Flag™ Time Saver: Technology Pack
525,King's Bounty: Platinum Edition
526,Space Rangers HD: A War Apart
528,WRC 4
529,How To Survive
530,The Dark Eye - Demonicon
531,Batman: Arkham Origins™
532,Tropico 4 - Apocalypse
533,Battlefield 4™
535,Counter-Strike: Global Offensive
536,Portal 2
537,Left 4 Dead 2
538,Final Exam
540,ShootMania Storm Elite Demo
541,Watch_Dogs,Steam,ROW
542,Assassin's Creed IV Black Flag - MacFarlane Haytham Outfit
543,Watch_Dogs,,RUS
544,Watch_Dogs
545,Watch_Dogs,,Asia
546,Assassin's Creed IV Black Flag Season Pass
547,Portal
548,Left 4 Dead Game of the Year Edition
549,Assassin's Creed IV Black Flag - MacFarlane Edward Kenway Unique Dual Swords
550,Assassin's Creed IV Black Flag - Global Pack
551,Assassin's Creed IV Black Flag - Black Chest Edition
552,Assassin's Creed IV Black Flag - Buccaneer Edition
553,Assassin's Creed IV Black Flag - Skull Edition
554,Assassin's Creed IV Black Flag - Special Edition
555,Assassin's Creed IV Black Flag - The Pirate's Trophy
556,Assassin's Creed IV Black Flag - The Castaway's Prize
557,Assassin's Creed IV Black Flag - Trove of Mystery
558,Assassin's Creed IV Black Flag - Pride of the West Indies
559,Assassin's Creed IV Black Flag - Wilkinson Figurehead
561,Assassin's Creed IV Black Flag - MacFarlane Black Beard's sails
562,Assassin's Creed IV Black Flag - MacFarlane Black Bart's sails
564,The Vanishing of Ethan Carter
565,Assassin's Creed® IV Black Flag™ Gold Edition
567,Assassin's Creed® IV Black Flag™ Kraken Ship Pack
568,Tom Clancy's The Division™
569,For Hornor
570,Watch Dogs Season Pass
571,Watch_Dogs Access Granted Pack
572,Watch_Dogs Season Pass
573,Watch_Dogs - DLC
574,Watch_Dogs Untouchable Pack
575,Watch_Dogs Cyberpunk Pack
576,Watch_Dogs Dedsec Shadow Pack
577,Deus Ex: Human Revolution™ - Director's Cut
578,Dishonored - Definitive Edition
579,The Elder Scrolls V: Skyrim® Legendary Edition
580,The Elder Scrolls V: Skyrim®
581,Fallout® 3 Game of the Year Edition
582,Fallout® 3
583,Fallout® 3
584,Fallout® 3
585,Fallout: New Vegas Ultimate Edition
586,Fallout: New Vegas
587,RAGE
588,The Elder Scrolls IV: Oblivion® Game of the Year Edition
590,The Elder Scrolls III: Morrowind® Game of the Year Edition
591,Dishonored®
592,Doom® 3 BFG Edition™
593,Quake® III Pack
594,Quake® 4
595,Return to Castle Wolfenstein
596,Wolfenstein 3D
598,Contrast
599,Far Cry® 3 Deluxe Edition
600,Assassin's Creed® III
601,Chivalry: Deadliest Warrior
602,Assassin's Creed IV Black Flag - MacFarlane Hornigold's Sails
605,Tropico 5 - Mad World
606,Assassin's Creed IV Black Flag - Master unlock ULC
607,Assassin's Creed® IV Black Flag™ Season Pass
608,Batman Arkham Origins: Season Pass
609,Child of Light
610,Child of Light
611,Child of Light,Steam
612,Watch_Dogs DLC Exclusive
613,Darksiders™
614,Blood Knights
615,LEGO® Marvel™ Super Heroes
616,Assassin's Creed® IV Black Flag™ Deluxe Edition
617,Assassin's Creed® IV Black Flag™ Deluxe Edition
618,Assassin's Creed® IV Black Flag™ Deluxe Edition
619,Assassin's Creed® IV Black Flag™ Deluxe Edition
620,Assassin's Creed® IV Black Flag™ Deluxe Edition
621,Rekoil
622,Need for Speed™ Rivals
623,Adventure Park
624,Dark Matter
625,Assassin's Creed® Liberation HD
626,Injustice: Gods Among Us Ultimate Edition
627,Street Fighter X Tekken
628,Street Fighter X Tekken: Complete Pack
629,Super Street Fighter IV: Arcade Edition
630,Super Street Fighter IV: Arcade Edition Complete Pack
631,DuckTales: Remastered
632,Assassin's Creed® Liberation HD,Steam
633,Saints Row IV
634,Metro: Last Light
635,Tom Clancy's Rainbow Six® Siege
636,Omerta - City of Gangsters: The Japanese Incentive
637,FINAL FANTASY VIII
638,Deponia
639,Goodbye Deponia
640,Chaos on Deponia
641,Half Life
642,Half Life 2
643,Half-Life 2: Episode 1
644,Half-Life 2: Episode 2
645,Men of War : Collector's Pack
646,Saints Row The Third - The Full Package
647,Might & Magic® VI-Pack
648,Assassin's Creed® Liberation HD - Bonus Pack
649,Leisure Suit Larry in the Land of the Lounge Lizards: Reloaded
650,The Dark Eye - Chains of Satinav
651,Memoria
652,Blackguards
653,PixelJunk Shooter
654,PixelJunk Monsters Ultimate
655,SpellForce 2 Gold
656,Fester Mudd: Curse of the Gold
657,F1 2014
658,Assassin's Creed® Liberation HD - Bonus Pack
659,Valiant Hearts
661,Valiant Hearts,Steam
662,Valiant Hearts Demo
663,The Banner Saga
664,Assassin's Creed Freedom Cry
665,Assassin's Creed Freedom Cry,Steam
666,Half Life: Source
667,AARKLASH: LEGACY
668,Rescue - Everyday Heroes (U.S. Edition)
669,Hitman: Contracts
670,South Park™: The Stick of Truth™
671,Trials Fusion: Riders of the Rustlands
672,Driver® San Francisco Deluxe Edition
673,Prince of Persia® The Forgotten Sands™ Deluxe Edition
675,Anno 1404 - Gold Edition
676,Anno 1404 - Gold Edition
677,Dawn of Discovery™ - Gold Edition
678,ANNO 2070® Complete Edition
679,ANNO 2070® Deep Ocean
680,ANNO 2070®
681,ANNO 2070® Deep Ocean
682,CSI: Crime Scene Investigation™: Hard Evidence
683,CSI: Crime Scene Investigation™: Deadly Intent
684,CSI: Crime Scene Investigation™: Fatal Conspiracy
685,Tomb Raider GAME OF THE YEAR EDITION
686,Vector Thrust
687,NCIS The Video Game
688,Lock On
689,Mad Riders Daredevil Map Pack
690,Might & Magic: Clash of Heroes - I Am the Boss
691,Petz Catz 2
692,Petz Dogz 2
693,Petz Horsez 2
694,R.U.S.E™ The Chimera Pack
695,R.U.S.E™ The Pack of the Rising Sun
696,Temp
697,Shaun White Snowboarding
698,Silent Hunter 4 Wolves of the Pacific
699,Silent Hunter 4 Wolves of the Pacific: Uboat add-on
700,TrackMania United Forever
701,Voodoo Dice
702,Saints Row IV Season Pass
703,Risen Franchise Pack
704,Takedown - Red Sabre
705,The LEGO® Movie - Videogame
706,Men of War: Assault Squad 2 - Deluxe Edition
707,Metro 2033
708,Dead Island: Game of the Year Edition
709,THIEF
710,THIEF
711,THIEF: Master Thief Edition
712,THIEF: Master Thief Edition
713,Trials Fusion: Empire of the Sky
714,Trials Fusion: Welcome to the Abyss
715,Trials Fusion: Fire in the Deep
716,Trials Fusion: Fault One Zero
717,Trials Fusion: After The Incident
718,Trials Fusion Season Pass
719,Trials Fusion: Season Pass
720,Assassin's Creed® Unity
721,Total War™: Rome II Emperor Edition
722,Football Manager™ 2014
723,Company of Heroes™ 2
724,Adventure Time: Explore the Dungeon Because I DON'T KNOW!
725,Earth Defense Force: Insect Armageddon
726,Dementium II HD
727,Stronghold 3 Gold
728,Don't Starve
729,SpellForce 2 - Demons of the Past
730,Saints Row IV Season Pass [AU]
732,War of the Vikings
733,Trials Fusion
734,Castlevania: Lords of Shadow 2
735,Trials Fusion Beta
736,Titanfall
737,Watch_Dogs Deluxe Edition
738,Watch_Dogs Deluxe Edition
739,Watch_Dogs Deluxe Edition
740,Watch_Dogs Deluxe Edition
741,Watch_Dogs
742,Watch_Dogs Blume Agent Pack
743,Watch_Dogs Club Justice Pack
744,Watch_Dogs Palace Paradise Pack
745,Watch_Dogs Signature Shot Pack
746,Watch_Dogs Breakthrough Pack
747,Watch_Dogs Bad Blood
748,Watch_Dogs Conspiracy!
750,The Crew (Beta)
751,The Crew Demo
753,Trials Fusion Beta"
754,Trials Fusion - Cape Set
755,Trials Fusion - 4th Upgrade set for Tricky
756,Trials Fusion - 5th Upgrade set for Cheetah
757,Trials Fusion - Rhino Helmet
758,Trials Fusion - Full Rider Outfit
759,ACBF Bundle Test #1
760,Deus Ex: The Fall
761,Trials Fusion Deluxe Edition
762,Child of Light - Golem
763,Child of Light - Light Aurora
764,The Typing of The Dead: Overkill™
765,Aliens™: Colonial Marines
766,Child of Light - Dark Aurora
767,Child of Light - Pack of Rough Oculis
768,Child of Light - Pack of Tumbled Oculis
769,Child of Light - Pack of Faceted Oculis
770,Child of Light - Stardust Pack
772,Child of Light
773,Child of Light
774,Child of Light - Golem pack
775,Child of Light - Light Aurora
776,Child of Light - Dark Aurora
777,Child of Light - Pack of rough oculis
778,Child of Light - Pack of tumbled oculis
779,Child of Light - Pack of faceted oculis
780,Child of Light - Stardust pack
781,Castlevania: Lords of Shadow - Mirror of Fate HD
782,Omerta: City of Gangsters Gold Edition
783,Wargame Red Dragon
784,MURDERED: SOUL SUSPECT™
785,Batman™: Arkham Origins Blackgate Deluxe Edition
786,Warlock 2: The Exiled
787,Dead Island Franchise Pack
788,Saints Row Franchise Pack
789,Just Cause 2 DLC Collection
790,Payday 2: The Armored Transport DLC
791,Trials Fusion: Full Game
792,Trials Fusion
793,Hegemony Rome: The Rise of Caesar
794,Might & Magic® X Legacy
795,LEGO® The Hobbit: The Video Game
796,Babel Rising - Sky's the Limit
797,Tom Clancy's H.A.W.X® 2 Deluxe Edition
798,Child of Light
799,Metro: Last Light Complete Edition
800,PixelJunk Eden
801,Child of Light Demo
802,Child of Light Demo
803,ZAMB! Biomutant Extermination
804,Tropico 5
805,Wolfenstein®: The New Order™
806,Sonic & All-Stars Racing Transformed
807,Total War: Shogun 2
808,Total War: Shogun 2 - Fall of the Samurai
809,Empire: Total War
810,Binary Domian Collection
811,Child of Light Digital Pre-order
812,Child of Light Digital Pre-order
813,Child of Light Digital Pre-order
814,Child of Light Digital Pre-order
815,Child of Light Digital Pre-order
816,Child of Light Golem Pack
817,Child of Light
818,Child of Light
819,Child of Light - Light Aurora Pack
820,Child of Light - Dark Aurora Pack
821,Child of Light - Pack of rough oculis
822,Child of Light - Pack of tumbled oculis
823,Child of Light - Pack of faceted oculis
824,Child of Light - Stardust pack
825,Champions of Anteria
826,Dungeons Special Edition
827,Patrician IV
828,Watch_Dogs,Steam,Asia
829,Dead Island Riptide Complete Edition
830,Uplay Progressive Example Game
833,Bound by Flame
834,Trials Fusion Demo,Steam
835,Endless Legend Classic Pack
836,Lords of the Black Sun
837,Panzer Tactics HD
838,Firefighters 2014
839,Nascar'14
840,Killer is Dead Nightmare Edition
841,Dead Island Epidemic: Patient Zero Pack
842,Dead Island Epidemic: Contagion Pack
843,Endless Legend Founder Pack
844,Watch_Dogs Special Edition Bonus Pack
845,Watch_Dogs Vigilante Pack
846,Watch_Dogs Shadow Justice Pack
847,Watch_Dogs Dedsec Edition Pack
848,Watch_Dogs Uplay Pre-order Pack
849,Watch_Dogs The ANZ Special Edition
850,Crazy Machines Golden Gears
851,Might & Magic® X Legacy
852,The Crew VMC Beta
853,The Crew Beta - Road 909
854,FINAL FANTASY III
855,The Crew (Beta)
856,Far Cry® 4,Steam
857,Assassin's Creed® Unity,Steam
858,Watch Dogs Limited Asia Edition
859,Jagged Alliance Flashback
860,Company of Heroes™ 2: The Western Front Armies
861,"Warhammer 40,000: Kill Team"
862,Hitman Absolution Elite Edition
864,Gauntlet
865,Middle-Earth Shadow of Mordor
866,Stick It to The Man
867,Valiant Hearts
868,Watch Dogs Master Unlock
869,Child of Light Test RUS no restriction
870,Child of Light Test RUS restricted
871,Watch_Dogs Best Buy Pre-order Pack
872,Valiant Hearts: The Great War
873,Valiant Hearts: The Great War
874,Valiant Hearts: The Great War
875,Valiant Hearts: The Great War
876,Shadows: Heretic Kingdom
877,Monday Night Combat 2
878,Pro Cycling Manager 2014
879,GRID Autosport
880,Plants vs. Zombies™ Garden Warfare
881,The Crew Closed Beta
882,Metro 2033 Redux
883,Space Run
884,Ship Simulator: Maritime Search and Rescue
885,Ropeway Simulator 2014
886,King's Bounty: Dark Side
887,Sacred 3
888,Construction Simulator 2015
889,Rise of Venice Gold Edition
890,The Crew Beta TEST
891,Valiant Hearts: The Great War™
892,Valiant Hearts: The Great War™
893,Valiant Hearts: The Great War™
894,Valiant Hearts: The Great War™
895,Assassin's Creed® Rogue
896,Watch_Dogs
897,RECYCLE: Garbage Truck Simulator
898,Dragon Age Inquisition
899,FIFA 2015
900,The Evil Within
901,Battlefield™ Hardline
902,Saints Row IV - Game of the Century Edition
904,Industry Empire
905,Lara Croft and the Temple of Osiris
907,TransOcean: The Shipping Company
908,Dead Rising 3
909,The Crew - Closed Beta
910,The Crew Beta - Test
911,GRID Autosport Season Pass
912,Full Stock Mini Cooper S
934,Assassin's Creed® Rogue,Steam
935,MINI COOPER S PACK
936,BMW Z4 sDrive35is Pack
937,2015 FORD MUSTANG GT PACK
938,DODGE RAM SRT-20 PACK
939,DELUXE EDITION
940,Golen plate reward pack 1
941,Golen plate reward pack 2
942,Golen plate reward pack 3
943,All Preorder Pack
944,Assassin's Creed® Единство,,RUS
945,Assassin's Creed® Единство
946,The Crew Closed Beta
947,The Crew Beta
948,The Crew Beta
949,The Crew Beta
950,The Crew Beta - Closed Beta 1 PR NCSA [Uplay PC]
951,The Crew Beta - Closed Beta 1 Trade NCSA [Uplay PC]
952,The Crew Beta - Closed Beta 1 Waiting List NCSA [Uplay PC]
953,Cloud Chamber
954,Risen 3: Titan Lords
955,Tropico 5 - The Big Cheese
956,The Crew Beta
957,The Crew Beta
958,The Crew Beta
959,Assassin's Creed® IV Black Flag™
962,Valiant Hearts: The Great War™
963,Assassin's Creed® II
964,Assassin's Creed® II Deluxe Edition
965,Assassin's Creed® Brotherhood
966,Assassin's Creed® Brotherhood Deluxe Edition
967,Assassin's Creed® Revelations
968,Assassin's Creed® Revelations - The Lost Archive
969,Far Cry 4®,,RUS
970,Far Cry 4®
971,Far Cry 4®
972,Far Cry 4®
973,Rise of a Dynasty
975,McLaren F1 Car Shipment
976,Volkswagen Touareg NF 2011 Car Shipment
977,Alfa Romeo 4C Car Shipment
978,Saleen S7 Twin-Turbo Car Shipment
979,Mercedes-Benz C63 AMG Coupé Black Series Car Shipment
980,Cadillac Escalade 2012 Car Shipment
981,Aston Martin V12 Zagato Car Shipment
982,2013 SRT Viper GTS Car Shipment
983,Abarth 500 Car Shipment
984,Spyker C8 Aileron Car Shipment
985,Chevrolet Corvette C3 Car Shipment
986,Chevrolet Corvette C2 Car Shipment
987,Ferrari 458 Speciale
988,McLaren MP4 - 12C
992,MINI COOPER S2010 - Street Edition Pack
993,BMW Z4 sDrive35is 2011 - Street Edition Pack
994,DODGE RAM SRT-10 - Street Edition Pack
995,2015 Ford Mustang GT Fastback - Street Edition Pack
996,Show Off Pack
997,Racer Pack
998,Surfer Pack
999,Xfinity Reward Pack
1000,Rainbow 6: Siege
1001,Tom Clancy's Rainbow Six Siege - Open Beta
1004,The Crew Demo
1005,Serious Sam HD: The First Encounter
1006,Serious Sam HD: The Second Encounter
1007,Serious Sam 3: BFE
1010,Hotline Miami
1011,Rainbow Six: Siege
1012,Rainbow Six: Siege
1013,Rainbow Six: Siege
1014,Alien: Isolation
1015,Divinity: Original Sin
1016,Ultra Street Fighters® IV
1017,Ultra Street Fighters® IV Digital Upgrade
1018,Assassin's Creed® Unity - The Chemical Revolution
1019,Assassin's Creed® Unity - The American Prisoner
1020,Assassin's Creed® Unity - Killed by Science
1021,Assassin's Creed® Unity - Prussian Waistcoat
1022,Assassin's Creed® Unity - Siege of Maastricht Hood
1023,Assassin's Creed® Unity - Leipzig Regiment Hood
1024,Assassin's Creed® Unity - National Guard Trousers
1025,Assassin's Creed® Unity - Athos' Duel Shirt
1026,Assassin's Creed® Unity - Black Musketeer Breeches
1027,Assassin's Creed® Unity - La Tour d'Auvergne Bracers
1028,Assassin's Creed® Unity - Isenburg-Birnstein Belt
1029,Assassin's Creed® Unity - Maple Hunting Rifle
1030,Assassin's Creed® Unity - Spanish Cup-Hilt Rapier
1031,Assassin's Creed® Unity - Over Under Pistol
1032,Assassin's Creed® Unity - Razorhead Spear
1033,Assassin's Creed® Unity - Sabre of Honour
1034,Assassin's Creed® Unity - War Axe
1035,Assassin's Creed® Unity - Armorsplitter Axe
1036,Assassin's Creed® Unity - Parade Pistol
1037,Assassin's Creed® Unity - Pappenheimer Rapier
1038,Assassin's Creed® Unity - Hooked Impaler
1039,Assassin's Creed® Unity - Silver-Plated Pistol
1040,Assassin's Creed® Unity - Arno's French Rapier
1041,Assassin's Creed® Unity - Arno's Dueling Pistol
1042,Assassin's Creed® Unity - French Cavalry Pistol
1043,Assassin's Creed® Unity - McFarlane Master Assassin Outfit
1044,Assassin's Creed® Unity - Arno's Fearless Outfit
1045,Assassin's Creed® Unity - The Fleur-de-Lys
1046,The Crew Beta
1047,The Crew Beta
1048,The Crew Beta
1049,The Crew Beta
1050,The Crew Beta
1051,The Crew Beta
1052,The Crew Beta
1053,The Crew Beta
1054,The Crew Beta
1055,The Crew Beta
1056,The Crew Beta
1057,The Crew Beta
1058,The Crew Beta
1059,THE SIMS™ 4
1060,The Crew Beta
1061,The Crew Beta
1062,The Crew Beta
1063,The Crew Beta
1064,The Crew Beta
1065,The Crew Beta
1066,The Crew Beta
1067,The Crew Beta
1068,The Crew Beta
1069,The Crew Beta
1070,The Crew Beta
1071,The Crew Beta
1072,Metro Last Light Redux
1073,The Book of Unwritten Tales 2
1074,Darksiders Complete
1075,Painkiller Complete
1076,Red Faction Collection
1077,SpellForce Complete
1078,Sherlock Holmes: Crimes and Punishments
1079,Game
1080,Exclusive Body Parts Pack (unlock for Season Pass Gamestop Preorder)
1090,Bundle Fallout Classic Collection
1091,Fallout
1092,Fallout 2
1093,Fallout Tactics
1094,MINI COOPER S 2010 - Street Edition Pack
1095,The Crew - Deluxe Edition
1096,BMW Z4 sDrive35is 2011 - Street Edition Pack
1097,DODGE RAM SRT-10 - Street Edition Pack
1098,2015 Ford Mustang GT Fastback - Street Edition Pack
1099,Show Off Pack
1100,Racer Pack
1101,Surfer pack
1102,The Crew - All Preorder Pack ULC
1103,The Crew - ANZ Limited Edition ULC
1104,Assassin's Creed Unity [STEAM PC]
1105,Assassin's Creed Unity [STEAM PC]
1106,Assassin's Creed Unity [UPLAYSHOP PC]
1107,Assassin's Creed Unity [UPLAYSHOP PC]
1108,Grow Home
1109,BMW Z4 sDrive35is 2011 - Street Edition Pack
1110,BMW Z4 sDrive35is 2011 - Street Edition Pack
1111,MINI COOPER S 2010 - Street Edition Pack
1112,DELUXE EDITION
1113,BMW Z4 sDrive35is 2011 - Street Edition Pack
1114,DODGE RAM SRT-10 - Street Edition Pack
1115,2015 Ford Mustang GT Fastback - Street Edition Pack
1116,Show Off Pack
1117,Racer Pack
1118,Surfer pack
1119,ALL PREORDER PACK
1120,Beanstalk
1121,THE CREW FULL GAME
1122,The Crew
1123,BASTILLE PACK
1124,THE CHEMICAL REVOLUTION
1125,ALL RETAILERS PACK
1126,The Crew DLC - Volkswagen Touareg NF 2011 Car Shipment
1127,The Crew DLC - McLaren F1 Car Shipment
1128,GUILLOTINE PACK
1129,PRUSSIAN PACK
1130,MUSKETEER PACK
1131,SHOOTER PACK
1132,PARADE PISTOL
1133,WILKINSON DEAL
1134,KILLED BY SCIENCE
1135,REVOLUTION EDITION
1136,ARNO'S OUTFIT
1137,MCFARLANE'S OUTFIT
1138,ARNO'S SWORD
1139,ARNO'S PISTOL
1140,FRENCH CAVALRY PISTOL
1141,Rainbow Six Siege - Starter Edition
1142,Rainbow Six Siege - Starter Edition
1143,Rainbow Six Siege - Starter Edition
1145,Ancient Space
1146,The Crew DLC - Saleen S7 Twin-Turbo Car Shipment
1147,The Crew DLC - Mercedes-Benz C63 AMG Coupé Black Series Car Shipment
1148,The Crew DLC - Cadillac Escalade 2012 Car Shipment
1149,The Crew DLC - Aston Martin V12 Zagato Car Shipment
1150,The Crew DLC - 2013 SRT Viper GTS Car Shipment
1151,The Crew DLC - Abarth 500 Car Shipment
1152,The Crew DLC - Spyker C8 Aileron Car Shipment
1153,The Crew DLC - Chevrolet Corvette C3 Car Shipment
1154,The Crew DLC - Chevrolet Corvette C2 Car Shipment
1155,The Crew DLC - ULC Complete Bundle
1157,The Evil Within Season Pass
1159,Football Manager 2015
1160,Beta Manager Test Product 1
1161,Assassin's Creed Rouge
1162,Assassin's Creed Rouge
1163,Far Cry® 4 - BloodRuby
1164,Far Cry 4 - BloodRuby
1170,FINAL FANTASY IV
1171,Final Fantasy XIII
1172,Styx: Master of Shadows
1173,Assassin's Creed® Unity - Dead Kings
1176,Might & Magic Heroes VII
1177,Might & Magic Heroes VII [STEAM],Steam
1180,Might and Magic Heroes VII
1181,Might and Magic Heroes VII
1182,Might and Magic Heroes VII
1183,Might and Magic Heroes VII
1186,Assassin's Creed® Rogue,,RUS
1187,Assassin's Creed® Rogue
1188,Crew Credit Bonus Pack 1
1189,Crew Credit Bonus Pack 2
1190,Starter Crew Credit Pack
1191,Bronze Crew Credit Pack
1192,Silver Crew Credit Pack
1193,Gold Crew Credit Pack
1194,Platinum Crew Credit Pack
1195,The Crew DLC - Extreme Car Pack
1196,The Crew DLC - Speed Car Pack
1197,The Crew DLC - Vintage Car Pack
1198,The Crew - Standard edition
1199,The Crew - Standard edition
1200,The Crew
1201,The Crew
1202,Extreme Car Pack
1203,Speed Car Pack
1204,Vintage Car Pack
1205,The Crew - Limited edition
1206,The Crew ULC - Alfa Romeo 4c Car Shipment
1207,The Crew - Xfinity Reward Pack
1208,Assassin's Creed® Rogue - Time Saver: Resource Pack
1209,Assassin's Creed® Rogue - Time Saver: Collectibles Pack
1210,Assassin's Creed® Rogue - Time Saver: Activities Pack
1211,Assassin's Creed® Rogue - Time Saver: Technology Pack
1212,Far Cry 4
1213,Far Cry® 4 - Escape from Durgesh Prison
1214,Far Cry® 4 - The Hurk Deluxe Pack
1215,Far Cry® 4 - Overrun
1216,Far Cry® 4 - Valley of the Yetis
1217,Far Cry® 4 - Hurk's Return
1218,Far Cry® 4 - Yak Farm
1219,Far Cry® 4 - The Syringe
1220,Far Cry® 4 - Driller PKM
1221,Far Cry® 4 - Elephant Gun .700 Nitro
1222,Far Cry® 4 - Sandman 1911 Pistol
1223,Far Cry® 4 - Butcher's Machete
1224,Champions of Anteria
1225,The Crew [RU][STEAM PC]
1226,The Crew [STEAM PC]
1227,Assassin's Creed Rogue - Activities Pack
1228,Assassin's Creed Rogue - Collectibles Pack
1229,Assassin's Creed Rogue - Resource Pack
1230,Assassin's Creed Rogue - Technology Pack
1231,Toy Soldiers War Chest
1232,Assassin's Creed® Unity
1233,Alien: Isolation - Crew Expendable
1234,Alien: Isolation Season Pass
1235,Saints Row Ultimate Franchise Pack
1236,Farming Simulator 15
1237,Sleeping Dogs Definitive Edition
1239,Far Cry 4
1240,Far Cry 4
1241,Far Cry 4
1242,Far Cry 4
1243,Far Cry® 3 - DL Test
1244,Assassin's Creed® Unity - Secrets of the Revolution
1245,Assassin's Creed® Unity - Underground Armory
1246,Assassin's Creed® Unity - Revolutionary Armaments Pack
1247,FC3 Akamai DL Test
1248,Far Cry 4
1249,Assassin's Creed®Unity - Maple Hunting
1250,Assassin's Creed®Unity - War Axe
1251,Assassin's Creed®Unity - Isenburg
1252,Assassin's Creed®Unity - Ubicollectibles
1253,Anno 2205
1254,Anno 2205
1255,Hegemony Rome: The Rise of Caesar - Mercenaries
1256,Sacred 3: Orc of Thrones
1257,Assassin's Creed®Unity Secrets of Revolution
1258,Assassin's Creed®Unity Underground Armory
1259,HURK'S RETURN
1260,Trials Fusion - Welcome to the Abyss
1261,Far Cry 4 Hurks Return
1262,Far Cry 4 The Syringe
1263,Far Cry 4 Yak Farm
1264,Far Cry 4 Blood Ruby
1265,Far Cry 4 Driller PKM
1266,Far Cry 4 Elephant gun
1267,Far Cry 4 Sandman 1911 pistol
1268,Far Cry 4 Butchers Machete
1269,Far Cry 4 [Uplay PC]
1270,Far Cry 4 ULC - Hurk's Return NCSA [Uplay PC]
1271,Assassin's Creed Unity - The Chemical Revolution
1272,Assassin's Creed Unity - The Chemical Revolution & Killed By Science
1273,The Crew DLC - Cadillac Escalade 2012 Car Shipment
1274,The Crew DLC - Raid Car Pack
1275,Trials Fusion Multiplayer Beta
1283,Trials Fusion
1284,Trials Fusion
1285,Trials Fusion Deluxe Edition
1286,Trials Fusion Deluxe Edition
1287,Trials Fusion Season Pass
1288,Trials Fusion - DLC 1 - Riders of the Rustlands
1289,Trials Fusion - DLC 2 - Empire of the Sky
1290,Trials Fusion - DLC 3 - Welcome to the Abyss
1291,Trials Fusion - Digital Standard
1292,Trials Fusion - Digital Standard
1293,Trials Fusion - Digital Deluxe
1294,Trials Fusion - Digital Deluxe
1295,Trials Fusion - Season Pass
1296,Assassin's Creed® Unity
1297,Hurk's Return
1298,Far Cry 4 - Standard Edition
1305,The Crew DLC - McLaren MP4 - 12C
1306,The Crew DLC - Ferrari 458 Speciale
1307,Assassin's Creed® Unity
1308,Assassin's Creed® Unity
1309,Far Cry 4 - Standard Edition
1310,Far Cry 4 - Standard Edition
1311,Project Combine
1312,Need for Speed™ Rivals Complete Edition
1313,ULC - Far Cry 4 Blood Ruby NCSA
1314,ULC -Far Cry 4 Elephant Gun .700 Nitro NCSA [UPLAYSHOP PC]
1315,Far Cry 4 - ULC - Butcher's Machete NCSA [UPLAYSHOP PC]
1316,Far Cry 4 - ULC - Driller PKM NCSA [UPLAYSHOP PC]
1317,Far Cry 4 - ULC - Sandman 1911 Pistol NCSA [UPLAYSHOP PC]
1318,Assassin's Creed Unity ULC - Prussian Waistcoat
1319,Assassin's Creed Unity ULC - Leipzig Regiment Hood
1320,Assassin's Creed Unity - Spanish Cup Hilt Rapier
1321,Far Cry® 4
1322,Far Cry® 4
1323,The Crew - Xfinity Reward Pack
1324,The Crew™
1325,The Crew™
1326,The Crew - Limited Edition ULC
1327,The Crew - Limited Edition ULC
1328,The Crew - Gold Edition ULC
1329,The Crew - Gold Edition ULC
1330,The Crew - Limited Edition
1331,The Crew - Limited Edition
1332,The Crew™ - Gold Edition
1333,The Crew™ - Gold Edition
1338,Assassin's Creed Unity - Silver Crafted Pistol
1339,Assassin's Creed Unity - McFarlane Outfit
1341,Far Cry® 4
1342,Far Cry® 4
1343,Far Cry® 4
1344,Far Cry® 4 - Season Pass
1345,Far Cry® 4 Gold Edition
1346,Far Cry® 4 - Gold Edition
1347,Far Cry® 4 - ULC Yak Farm Mission [UPLAYSHOP PC]
1348,Child of Light
1349,Battlefield 4™ Premium Edition
1350,Child of Light CHN,,CHN
1351,Far Cry 4 - TEST - NCSA [JP][STEAM PC]
1352,Far Cry 4 - TEST - NCSA [JPN][UPLAYSHOP PC]
1353,Far Cry 4 - TEST - NCSA [RUS][STEAM PC]
1354,Far Cry 4 - TEST - NCSA [RUS][UPLAYSHOP PC]
1355,Far Cry 4 - TEST - NCSA [STEAM PC]
1356,Assassin's Creed® Rogue™ - Templar Pack
1357,Assassin's Creed® Rogue™ - Commander Pack
1358,Assassin's Creed® Rogue™ - ULC Officer Pack
1359,Assassin's Creed® Rogue™ - Explorer Pack
1360,Assassin's Creed® Rogue™ - ULC The Armor of Sir Gunn quest
1361,Assassin's Creed® Rogue™ - Fort de Sable
1362,Far Cry 4 - TEST - NCSA [UPLAYSHOP PC]
1363,Assassin's Creed Rogue Templar Pack
1364,Assassin's Creed Rogue Commander
1365,Assassin's Creed Rogue Officer
1366,Assassin's Creed Rogue Explorer
1367,Assassin's Creed Rogue Armor of Sir Gunn
1368,Assassin's Creed Rogue Fort de Sable
1369,Assassin's Creed Unity - TEST NCSA WW [STEAM]
1370,Assassin's Creed Unity - TEST NCSA WW [Uplay PC]
1371,Assassin's Creed Unity - TEST NCSA RUS [STEAM]
1372,Assassin's Creed Unity - TEST NCSA RUS [Uplay PC]
1373,Assassin's Creed Unity DLC - Dead King TEST NCSA WW [Uplay PC]
1374,Assassin's Creed Unity DLC 1 - TEST NCSA WW [Uplay PC]
1375,Assassin's Creed Unity DLC 2 - TEST NCSA WW [Uplay PC]
1376,Assassin's Creed Unity - ALL DLC & ULC - TEST NCSA WW [Uplay PC]
1377,Trials Fusion Multiplayer Beta
1378,The Crew - PC Digital - Limited edition (pre-order)
1379,The Crew - PC Digital - Limited edition (pre-order)
1380,The Crew - PC Digital - Limited edition (pre-order)
1381,The Crew - PC Digital - Gold edition
1382,The Crew - PC Digital - Gold edition
1383,The Crew - PC Digital - Gold edition
1384,The Crew - PC Digital - Gold edition
1385,The Crew - Season Pass
1386,The Crew - ULC Complete Bundle
1387,Assassin's Creed® Unity
1388,Assassin's Creed® Unity
1389,Assassin's Creed® Unity
1390,Assassin's Creed® Unity
1391,Assassin's Creed® Unity
1392,Assassin's Creed® Unity
1393,Assassin's Creed® Unity
1394,Assassin's Creed® Unity
1395,Assassin's Creed® Unity Gold Edition
1396,Far Cry 4 ULC - Preorder #1
1397,Assassin's Creed® Unity Gold Edition
1398,Far Cry 4 ULC - Preorder #2
1399,Far Cry 4 ULC - Preorder #3
1400,Assassin's Creed® Unity Gold Edition
1401,Assassin's Creed® Unity Gold Edition
1406,Trials Fusion - Light Up The Sky
1407,Trials Fusion
1408,Far Cry 4 - Season Pass EMEA
1409,McLaren MP4 12C
1410,Over Under Pistol
1411,National Guard Trousers
1412,Saints Row Gat out of Hell
1414,Life Is Strange™ - Episode One
1415,Escape Dead Island
1416,Assassin's Creed® Unity
1417,Season Pass ULC
1418,Day One Edition ULC
1419,Deluxe Edition ULC
1420,Cosmetic Pack ULC
1421,All Preorder Pack ULC
1422,ANZ Limited Edition ULC
1423,The Crew - Raid Car Pack
1424,The Crew - Vintage Car Pack
1425,The Crew - Speed Car Pack
1426,The Crew - Extreme Car Pack
1427,Progressive Example Game PreOrder
1428,Watch_Dogs Complete Edition
1429,The Crew - Street Edition Pack
1430,Armor Splitter Axe

1651,Assassin's Creed Chronicles China

1662,Assassin's Creed Rogue

1700,Bionic Commando
1701,Bionic Commando Rearmed
1702,DmC: Devil May Cry
1703,Lost Planet 3
1704,Resident Evil 4 HD
1705,Strider
1706,Resident Evil HD

1709,Assassin's Creed® Unity - Secrets of the revolution
1710,Assassin's Creed® Unity - Secrets of the revolution
1711,The Crew® - Extreme Car pack
1712,The Crew® - Extreme Car pack
1713
1714,The Crew® - Street Edition Pack
1715,The Crew® - Street Edition Pack
1716,Far Cry® 4 The Hurk Deluxe Pack
1717,Far Cry® 4 The Hurk Deluxe Pack
1718,Trials Fusion® Fire in the Deep
1719,Trials Fusion® Fault One Zero
1720,Trials Fusion® After the Incident
1721,UbiCrashReport Example Game
1722,Grow Home®
1723,Final Fantasy XIV A Realm Reborn: Standard Edition
1724,Final Fantasy XIV A Realm Reborn: Collectors Edition
1725,Assassin's Creed® Rogue
1726,The Crew - Silver Crew Credit Pack
1727,Far Cry® 4 Valley of the Yetis
1728,Rainbow Six Siege - Starter Edition
1729,Armor of Sir Gunn Quest
1730,Master Templar Pack
1731,Assassin's Creed Rogue
1732,Assassin's Creed Rogue
1733,Assassin's Creed Rogue
1734,Assassin's Creed® Rogue
1735,Cities XXL
1736,Assassin's Creed Rogue - MSV Internal test ONLY - Lejczak WW

1738,Assassin's Creed® Rogue™ - Templar Legacy Pack
1739,Assassin's Creed Rogue - Templar Legacy Pack
1740,Assassin's Creed® Rogue
1741,Assassin's Creed® Rogue
1742,Assassin's Creed® Rogue
1743,Assassin's Creed® Rogue
1744,Assassin's Creed® Rogue
1745,Assassin's Creed® Rogue
1746,Assassin's Creed® Rogue - Deluxe Edition
1747,Assassin's Creed® Rogue Deluxe Edition
1748,Assassin's Creed® Rogue Deluxe Edition
1749,Assassin's Creed® Rogue
1750,Assassin's Creed® Rogue
1751,Assassin's Creed® Rogue
1752,Assassin's Creed® Rogue
1753,Assassin's Creed® Rogue
1754,Assassin's Creed® Rogue
1755,Assassin's Creed® Rogue Deluxe Edition
1756,Assassin's Creed® Rogue Deluxe Edition
1757,Assassin's Creed® Rogue Deluxe Edition
1758,Assassin's Creed® Rogue Deluxe Edition
1759,Assassin's Creed Rogue® - Templar Legacy Pack
1760,Assassin's Creed® Rogue Time Saver: Activities Pack
1761,Assassin's Creed® Rogue Time Saver: Collectibles Pack
1762,Assassin's Creed® Rogue Time Saver: Resource Pack
1763,Assassin's Creed® Rogue Time Saver: Technology Pack
1764,Far Cry® 4 Overrun
1765,Assassin's Creed® Rogue
1766,Assassin's Creed® Rogue
1767,Assassin's Creed® Rogue
1768,The Crew® Speed Car Pack
1769,Shadow Warrior
1770,Shadow Warrior - Special Edition
1771,Tom Clancy's Ghost Recon® Wildlands
1772,Ubi Crash Report - TEST
1773,Assassin's Creed Rogue Standard
1774,Assassin's Creed Rogue Standard
1775,Judge -Tech Alpha
1776,Ralpha
1777,Assassin's Creed Rogue
1778,Assassin's Creed® Rogue
1779,Assassin's Creed® Rogue
1780,Assassin's Creed® Rogue : Deluxe Edition
1781,Assassin's Creed® Rogue : Deluxe Edition
1782,Assassin's Creed® Rogue : Deluxe Edition
1783,Assassin's Creed® Rogue
1784,Assassin's Creed® Rogue
1785,Assassin's Creed® Rogue
1786,Assassin's Creed Rogue
1787,Assassin's Creed® Rogue
1788,Assassin's Creed® Rogue
1789,Assassin's Creed® Rogue : Deluxe Edition
1790,Assassin's Creed® Rogue : Deluxe Edition
1791,Assassin's Creed® Rogue : Deluxe Edition
1792,Assassin's Creed® Rogue : Activities Pack
1793,Assassin's Creed® Rogue : Collectibles Pack
1794,Assassin's Creed® Rogue : Resources Pack
1795,Assassin's Creed® Rogue : Technology Pack
1796,Judge Tech Alpha
1797,Rainbow Six Siege - Closed Beta
1798,Hotline Miami 2: Wrong Number
1799,Hotline Miami 2: Wrong Number Special Edition
1800,Mortal Kombat X
1801,Mortal Kombat X Premium Edition

1803,Far Cry® 5
1804,Assassin's Creed Rogue PC - Master templar pack ULC
1805,Judge Tech Alpha
1806,Assassin's Creed® Rogue
1807,Assassin's Creed® Rogue
1808,Assassin's Creed® Rogue
1809,Assassin's Creed Rogue WW PREORDER TEST
1810,Assassin's Creed Rogue RUS PREORDER TEST
1811,Assassin's Creed Rogue ASIA PREORDER TEST

1814,Test

1816,Watch_Dogs
1817,Secrets Pack
1818,QC Magnus Test Product [TCTDBETA]

1820,The Crew® Vintage Car Pack
1821,Bloomberg Test App

1824,Assassin's Creed Rogue RUS
1825,Far Cry 4 Pre-order TEST
1826,Judge Tech Alpha
1827,Battlefield™ 3
1828,Mass Effect™ 3
1829,Train Simulator 2015
1830,Dovetail Games Fishing
1831,Train Simulator 2015 - Uplay Collectors Edition
1832,ZOMBI
1833,Rainbow Six Siege - Closed Alpha

1835,Tom Clancy's The Division™,Steam

1837,Rainbow Six: Siege - Closed Beta
1838,Child of Light® - Standard Edition
1839,Tom Clancy's Rainbow Six® Siege
1840,Dying Light
1841,Assassin's Creed® Chronicles China,Steam
1842,Tom Clancy's Rainbow Six® Siege,,RUS
1843,Tom Clancy's Rainbow Six® Siege,Steam
1844,Tom Clancy's Rainbow Six® Siege
1845,Rainbow Six: Siege Pre-order
1846,Rainbow Six: Siege Pre-order
1847,Assassin's Creed® Chronicles India
1848,Assassin's Creed® Chronicles Russia
1849,Assassin's Creed® Chronicles India,Steam
1850,Assassin's Creed® Chronicles Russia,Steam
1851,Assassin's Creed Chronicles China Pre-order

1854,Assassin's Creed® Chronicles: China
1855,Assassin's Creed® Chronicles: India
1856,Assassin's Creed® Chronicles: Russia
1857,Assassin's Creed® Chronicles: China
1858,Assassin's Creed® Chronicles: India
1859,Assassin's Creed® Chronicles: Russia
1860,Assassin's Creed® Chronicles: China
1861,Assassin's Creed® Chronicles: India
1862,Assassin's Creed® Chronicles: Russia
1863,Assassin's Creed® Chronicles: China
1864,TOM CLANCY'S Rainbow Six® SIEGE
1865,R6 RUS Optional download test
1866,Rainbow Six: Siege - Alpha
1867,Tom Clancy's Rainbow Six® Siege
1868,Assassin's Creed® Chronicles: China
1869,Dying Light Season Pass
1870,Dying Light Ultimate Edition
1871,Judge Tech Alpha
1872,Assassin's Creed Chronicles China Preorder MSV TEST (Only for testing)
1873,Rainbow Six Siege - MSV Internal test ONLY
1874,Rainbow Six Siege RUS - MSV Internal test ONLY
1875,Assassin's Creed® Syndicate

1955,Assassin's Creed® Синдикат
1956,Assassin's Creed® Syndicate
1957,Assassin's Creed® Syndicate,Steam

2010,Far Cry® Primal
2011,Not A Hero
2012,Not A Hero Digital Special Edition
2013,Toren
2014,Toren Deluxe Edition

2021,Might & Magic® Heroes® VII
2022,Might & Magic® Heroes® VII
2023,Might & Magic® Heroes® VII
2024,Trackmania Turbo Demo,Steam
2025,Judge tech alpha
2026,Shadowrun Chronicles: Boston Lockdown
2027,RESCUE 2: Everyday Heroes
2028,Might and Magic Heroes VII - Closed Beta
2029,Far Cry® Primal,Steam
2030,Assassin's Creed® Chronicles China
2031,Might and Magic Heroes VII - Closed Beta 1
2032,Magicka 2 Deluxe Edition
2033,Might and Magic Heroes VII - Closed Beta
2034,Might and Magic Heroes VII - Beta
2035,Anno 2205 Beta

2052,Anno 2205,Steam

2070,Trackmania Turbo

2170,Champions of Anteria,Steam

2688,WATCH_DOGS® 2
2689,Internal QC/Dev - The Crew - WW - Steam - Wild Run Expansion
2690,Medieval Engineers
2691,Space Engineers
2692,Space Engineers + Medieval Engineers
2693,Ubisoft Game

2970,Ghost Recon Wildlands® - Ghost War Preview
2971,Ghost Recon Wildlands - Internal QC
2972,Internal QC/Dev - Tom Clancy's The Division
2973,Internal QC/Dev - Tom Clancy's The Division Beta
2974,Assassin's Creed Chronicles India
2975,Assassin's Creed Chronicles Russia
2976,Assassin's Creed Chronicles Russia
2977,Assassin's Creed Chronicles India
2978,Assassin's Creed Chronicles India
2979,Assassin's Creed Chronicles Russia
2980,Assassin's Creed Chronicles Russia
2981,Tom Clancy's The Division

3086,Internal QC/Dev - Far Cry Primal - Gatherer's Perk Add-on
3087,Assassin's Creed Chronicles Russia
3088,South Park™: The Fractured But Whole™
3089,VMC - Ghost Recon Wildlands
3090,Internal QC/Dev - Tom Clancy's The Division - WW
3091,Internal QC/Dev - Tom Clancy's The Division - RUS
3092,Internal QC/Dev - Tom Clancy's The Division - ASIA
3093,Tom Clancy's The Division - Hazmat Gear Set
3094,Far Cry Primal - Standard Edition
3095,Far Cry Primal - Apex Edition
3096,VMC #2 - Tom Clancy's The Division
3097,Champions of Anteria Demo
3098,Champions of Anteria Demo,Steam
3099,Champions of Anteria Preview
3100,Tom Clancy's The Division - Open Beta
3101,Tom Clancy's The Division
3102,Tom Clancy's The Division
3103,Tom Clancy's The Division - Open Beta
3104,Tom Clancy's The Division - Open Beta
3105,Tom Clancy's The Division - Open Beta
3106,Far Cry Primal - Standard Edition
3107,Tom Clancy's The Division - Open Beta
3108,Tom Clancy's The Division - Open Beta [STEAM]
3109,Tom Clancy's The Division - Open Beta [UPLAY PC]
3110,Tom Clancy's The Division - Standard Edition
3111,Tom Clancy's The Division - Gold Edition
3112,Tom Clancy's The Division - Gold Edition
3113,Tom Clancy's The Division - Standard Edition
3114,Tom Clancy's The Division - Gold Edition
3115,Tom Clancy's The Division - Standard Edition
3116,Anno 2205 - Tundra DLC
3117,Trackmania Turbo
3118,Trackmania Turbo
3119,Trial by Fire
3120,Grow Up
3121,Assassin's Creed Syndicate - The Last Maharadja
3122,Tom Clancy's The Division™ - Loot Crate Weapon Skin
3123,Far Cry Primal
3124,Anno 2205 - Tundra DLC
3125,The Ubisoft Playlist - Trackmania Turbo - Closed Beta
3126,Rainbow Six Siege - Ruby Skin
3127,Hitman
3128,Tom Clancy's The Division
3129,Internal QC / Dev - Trackmania Turbo
3130,Just Dance® 2017
3131,Just Dance® 2017 [STEAM],Steam
3132,Far Cry Primal Apex Edition
3133,Far Cry Primal
3134,Far Cry Primal
3135,Far Cry Primal
3136,Far Cry Primal
3137,Far Cry Primal Apex Edition
3138,Internal QC / Dev - Trackmania Turbo - Steam
3139,Internal QC / Dev - Trackmania Turbo - Beta
3140,Tom Clancy's The Division

3142,Internal QC/Dev - Anno 2205 - Uplay
3143,Anno 2205 - Tundra

3269
3270
3271,Stories - The Path of Destinies
3272
3273,Trackmania Turbo - Free Trial
3274,Rainbow Six Siege - Cyan Weapon Skin
3275,Rainbow Six Siege - Stone Weapon Skin Bundle
3276,Far Cry Primal - HD Texture Pack Add-on
3277,Trackmania Turbo - Free Trial
3278,Example Game [Steam]
3279,STEEP
3280,STEEP Steam,Steam
3281,Test Example [STEAM] - Free

3301,Trials of the Blood Dragon,Steam

3360,UNO,Steam

3445,STEEP Open Beta

3502,Tom Clancy's The Division™ PTS

3539,Assassin's Creed® Origins

3559,Tom Clancy's Ghost Recon® Wildlands,Steam

3584,South Park™ - The Stick of Truth™

3619,WATCH_DOGS® 2,Steam

3774,Monopoly Plus
3775,Monopoly Plus [STEAM],Steam

4311,Far Cry® 5,Steam

4472,Steep Open Beta,Steam

4919,Assassin's Creed II
4920
4921

4923,Assassin's Creed® Origins,Steam
4924,Tom Clancy's The Division - Trial Test
4925,Resident Evil 7 Deluxe Edition

4932,Tom Clancy's The Division 2

4981

4983
4984,Ghost Recon® Wildlands - Ghost War PVP Open Beta,Steam

5040
5041
5042,Might & Magic Heroes VI
5043,Far Cry 5 - Deluxe Pack

5045
5046
5047
5048
5049

5051,Ubisoft game
5052
5053,A Ubisoft Game Early
5054,STEEP TTS
5055
5056,Space Junkies
5057
5058
5059,Assassin's Creed® Odyssey
5060,Atomega

5089
5090
5091
5092,Assassin's Creed® Odyssey,Steam

5100,Discovery Tour by Assassin's Creed: Ancient Egypt

5150
5151
5152
5153
5154
5155
5156
5157

5159,Tom Clancy's The Division 2 - Open Beta
5160,Hunter - Season Pass

5233,Trials Rising - Open Beta

6116,Uplay PC

9797,Ode
9798
9799
9800
9801

10871,Transference
10872,Transference
10873,Transference,Steam
10874,South Park™: The Fractured but Whole™
10875,Tom Clancy's Rainbow Six® Siege - Jäger Covert Set
10876,Tom Clancy's Rainbow Six® Siege - Jäger Covert Set
10877,Tom Clancy's Rainbow Six® Siege - Pulse Desert Grit Set
10878,Tom Clancy's Rainbow Six® Siege - Pulse Desert Grit Set
10879,Steep™ - Road to the Olympics
10880
10881,Steep - PreOrder Bonus
10882,Assassin's Creed® Origins
10883,Assassin's Creed® Origins
10884,Ghost Recon Wildlands - VMC
10885,Steep™ Road to the Olympics Beta
10886,Steep™ Road to the Olympics Beta Steam,Steam
10887,South Park™: The Fractured but Whole™
10888,South Park™: The Fractured but Whole™
10889,South Park™: The Fractured but Whole™
10890,South Park™: The Fractured but Whole™
10891,South Park™: The Fractured but Whole™ Gold Edition
10892,South Park™: The Fractured but Whole™ Gold Edition
10893,South Park™: The Fractured but Whole™ Gold Edition
10894,South Park™: The Fractured but Whole™ Gold Edition
10895,South Park™: The Fractured but Whole™ Season Pass

13800,Anno 1800 Open Beta
